text,tag
ครูรู้สึกดีค่ะรู้สึกนักเรียนมีความสุขดูมันโน่มีความสุขเรียนแบบนี้พอ1ปีปีไม่มีตลอดครูเรียนปีไม่มีเรียนแบบนี้ครู2คนผอไม่มีแบบนี้หนูสอนแบบนี้ค่ะ,0
แต่ละกลุ่มจัดการตัวเองเกิดกล้วยเสร็จบอกดูวิธีการต้มกล้วยอย่างไรครูอธิบายสมมติไหมเด็กบอกไม่ได้ครูครูเตรียมถามเกิดทำอย่างไรเกิดสอนเรื่องเด็กก็ได้เรียนรู้เด็ก,7
สตูลเรียนชั้น1โรงเรียนสตูลเล่าตอนเรียนชั้น1ครูครูพอเรียนครูชั้นป2ครูพานอกวิชาอย่างไรเรียนอย่างไรทำไมเรียนห้องจบพอเรียนนอกทำให้ใหม่ๆรู้ทำไมตนเองห้อง,0
ทำอุปกรณ์ใช้อุปกรณ์จริงครูอุปกรณ์ถามเด็กเด็กๆคะสิอุปกรณ์บ้างเด็กบอกหม้อถามสิบ้างเด็กบอกมันคะสมมติคุณครูเกิดเด็กบอกสมมติใส่มันเด็กบางคนโรงเรียนชอบครูใช้บอกใครครูใส่ตอนเด็กคนคุณครูบอกสิมันหนูนะเรื่องทำอย่างไรแบบนี้อย่างไรอย่างไรพยายามชวนคุยบอกพอพูดจบเด็กเอาอุปกรณ์เอาสอนพอครูสร้างเด็กครูเด็กดูกลุ่มช่วยกันตอนดูคุณครูวิธีการทำอย่างไรกล้วยต้มเด็กๆช่วยกันเอากล้วยเปลือกสอนวิธีการเปลือกกล้วยเด็กช่วยกันมันกลุ่มหนูไม่ได้ทำทำหนูครูครูไหนลองทำใหม่หนูกล้วยหนูทำอย่างไรเพื่อนคนกล้วยลูกทำอย่างไรทำทุกคน,7
,0
เด็กสนใจเรียนครูคนใหม่หาโจทย์วิจัยครูไพเราะชวนคุยถามเรื่อยๆทั้งชุมชนบ้างเด็กบางคนเสนอสิ่งตนเองชอบสิ่งตนเองทำสิ่งชุมชนจบ3ชั่วโมงที่จะเรียนครูไพเราะเวลากลับเอาคิดบ้าน1ชวนนักเรียนเรียนรู้ทักษะเด็กตอบลูกเก่งลูกสำคัญทำบอกไม่ใช่เรียนรู้,7
เดินกลับมาโรงเรียนบ้านไหลไหลทำงานเกี่ยวกับครูครูไหลเด็กดูใช้ทำอย่างไรเด็กถามเอาไหนทำไมมันทำได้อย่างไรมันทำให้ๆเล็กๆอย่างไรจากนั้นกลับมาโรงเรียน3ชั่วโมงครูนักเรียนเขียนคำถามพี่คอยดูน้องเขียนคำถามแต่ละกลุ่มกลุ่มอาร์มช่วยเขียนบนจบสำรวจชุมชน,0
เสร็จทำอย่างไรวางแผนอย่างไรเด็กบอกทำนะครูครูอ้อยถามทำอย่างไรเพื่อนพูดเรื่องฟังไม่ใช่เยอะเพื่อนฟังเพื่อนพูดเรื่องเวลาฟังเพื่อนฟังอย่างไรสนใจฟังคุยเพื่อนสื่อสารถามฟังเล่าเรื่องบ้างฟังทำอย่างไรๆครูเขียนบนพอๆรู้เขียนรู้ใจทำงานกลุ่มทำให้บ้างนอกตลอดครูอ้อยเดินพฤติกรรมเด็กครูอ้อยพัฒนาพฤติกรรมบางคนสามารถทำได้บางคนไม่ได้ใช้ครูเพื่อนๆนักเรียนชั้นป2วิชาศึกษาชีวิตปูป่าชายเลนเรียนรู้นอกครูอ้อยเด็กๆที่จะเรียนสิ่งเลือกไม่มี,7
เด็กผู้ปกครองคุณครูไพเราะเทศบาลเรื่องอยากรู้เรียนเทศบาลเรื่องโรงเรียนจากนั้นท่านเกี่ยวกับนักเรียนก็ได้เรียนรู้เรื่องรู้สึกนักเรียนความรู้นักเรียนวางแผนเรียนรู้สำรวจพอเวลาผู้ปกครองพานักเรียนโรงเรียนคอย,0
เด็กช่วยกันทำการเรียนรู้สัปดาห์ช่วยสัปดาห์เรียนรู้เรื่องไม่ได้สอนไหนเด็กเรื่องดูช่วยกระตุ้นเด็กแล้วก็ดูใครแบบนี้ไหมเด็กลองถามครูท่านอื่นโรงเรียนบ้าง,0
พัฒนาทำเส้นทางกระบวนการวิจัยครูจัดการเรียนรู้ใช้โจทย์วิจัย3ห้องเรียนเรื่อง1ปีวิธีการกระบวนการเรียนรู้สัปดาห์ตอนทำให้โจทย์การเรียนรู้เด็กเรียนสิ่งตนเองสนใจออกแบบคุณครูสิ่งครูเรียนรู้ครูสอนห้องตั้งคำถามคอยกระตุ้นเด็กคิดครูคำตอบคำตอบ,7
เด็กเขียนเล็กๆเรื่องเรียนเหตุผลเลือกวิธีการเรียนรู้บ้างวิชาใครบ้างอย่างไรเด็กๆใช้นำเสนอบนทั้งนำเสนอครูอ้อยบอกเด็กๆเขียนเด็กๆตนเอง,0
ใหม่เรียนรู้,0
ครูอ้อยสตูลปีเรียนรู้วิจัยปีเรียนรู้ตนเองกระบวนการจัดการเรียนการเรียนรู้วิจัยทำให้รู้จักเด็กจริงใช้รู้จักครูนักเรียนรู้สึกทำเวลาเด็กรู้สึกหายนักเรียนเอาเด็กช่วยเด็กรู้จักตนเองทักษะอื่นเรียนเก่ง,0
พอสัปดาห์เวลาสรุปความรู้นักเรียนเอาทำนำเสนอนำเสนอเกี่ยวกับสิ่งนักเรียนทำเด็กพาเด็กลองคำถามเด็กทำอย่างไรชุมชนกลุ่มออกแบบหนูชุมชนอย่างไรเด็กอธิบายฟังบ้างเกี่ยวกับชุมชนนักเรียนตัวเองช่วยเรื่องนักเรียนเด็กบอกคุณครูชั่วโมงสอนเด็กตอบเด็กทักษะบ้างวางแผน,7
เด็กๆไม่ได้ๆคิดเรียนรู้ครูๆเด็กพัฒนาดูอย่างไรตอนนำเสนอโน่พูดโน่พูดบ้างคนน้ำครูเอาเด็กๆเหมือนแต่ละกลุ่มเจอพี่มัธยมวาดรูปเล็กๆหาแล้วก็เด็กๆช่วยกันตอบแม่น้ำบ้านดีไหมดูนักเรียนบอกดีวัดน้ำน้ำนักเรียนแม่น้ำโรงเรียนทำให้โรงเรียนใช้ครูลองเด็กแต่ละกลุ่มน้ำตัวเองเอาทั้งนักเรียนใช้น้ำครูวัดน้ำสามารถใช้ครูอธิบายนักเรียนฟังตอนทำให้นักเรียนลองดูพี่มัธยมอยากรู้น้ำห้องผอเอาน้ำวัดน้ำนำเด็กบอกผอน้ำกินจริงๆกินน้ำบ้านก็ได้ๆ,0
โรงเรียนพานักเรียนการเรียนรู้พัฒนาป่าชายเลน5สตูลครู3คนผู้ปกครองเกี่ยวกับ2คนเจ้าหน้าที่เด็กๆเด็กๆเดินสำรวจบนลักษณะดูป่าชายเลนดูเส้นทางทำงานเด็กๆเดินกลุ่มตลอดเส้นทางจากนั้นกลับมาโรงเรียนเรื่องครูอ้อยชวนนักเรียนเขียนสรุปทำที่ไหนอย่างไรบ้างคำตอบรู้บ้างประเด็นวิชานักเรียนวาดรูปป่าชายเลนบ้างบ้างเชื่อมโยงนักเรียนปูสามารถ,0
ครูไปหาเหตุผลเก่งกลุ่มครูเหมือนกันสัปดาห์กลุ่มเตรียมข้อมูลเพิ่มเติมกลุ่มขนมรักเตรียมเรียนรู้ขั้นตอนทำขนมเพื่อนชิมกลุ่มยุงลายยุงสมมติบอกเหตุผลตอนเลือกครูๆบอกเลือกเรียนมีความสุขเกิดตนเองชุมชนสำคัญทำได้จริงใครเลือกเรื่องไหนไม่ได้เลือกเรื่องไหนทั้งห้องเลือกเรียนเรื่องยุงลายครูไพเราะถามเหตุผลกลุ่มขนมรักทำไมเด็กบอก3ชั่วโมงทำเสร็จแค่เพื่อนบางคนทำทำ,7
ทำไมน้ำทำไมน้ำใช้เวลาบนน้ำ,0
พอคุณครูบอกหนูใช้ค่ะทำเสนอมันสตูลนักเรียนคนทำแบบนี้ท่านไม่ได้จบไม่รู้สอนอย่างไรนักเรียนพยายามคิดทำอย่างไรชั่วโมงชั่วโมงวิจัยชั่วโมงวิจัยกลับความรู้ไม่ใช่โรงเรียนคุณครูนำกลับเทศบาลเทศบาลเกิดพัฒนาตลอดเกิดนักเรียนวางแผนสำรวจคำถามเตรียมพอทั้งเพิ่มเติมสำรวจพอสัปดาห์นำเสนอเพิ่มเติมไหนทั้งทำครูคุณครูมัธยมสนใจเอาช่วย,0
,7
ที่จะเรียนกระบวนการนำเหตุผลนำเสนอ1เกิดจากนั้นสิ่งอยากรู้เด็กคิดเขียนบนเขียนที่ไหนใช้อุปกรณ์ก็ได้หาจากนั้นเรียนยุงเรียนรู้จากนั้นนำสิ่งเรียนรู้ตั้งคำถามนักเรียน2กลุ่มกลุ่มตั้งคำถามกลุ่มตอบนำคำถามคำตอบพัฒนาโจทย์ถามศึกษาเรื่องยุงที่ไหนกลุ่มตอบยุงลักษณะอย่างไรๆเด็กตอบเรื่องครูกระตุ้นถามอย่างไรสิ่งอยากรู้คำตอบศึกษาวิธีการยุงลายศึกษาวิธีครูเด็กเลือกกระตุ้นตั้งคำถามอย่างไรเรียนทั้ง2มีความสุขโจทย์วิจัยศึกษาวิธียุงลาย,7
ชอบคุณครูค่ะเวลาคุณครูรู้สึกเหมือนค่ะรู้สึกค่ะศึกษาปี3ชอบคุณครูบอกครู,0
หาย,7
เรื่องคุณครูชั้นปบ้าน,0
สัปดาห์เด็กๆนำเสนอเรื่องต้องการเรียนนักเรียนคนเรื่องเรื่องขนมรักเรื่องยุงชุมชนบ้านนักเรียนยุงเยอะครูชวนนักเรียนกลุ่มใหญ่2กลุ่มขนมรักจังหวัดสตูลเรื่องเด็กกลุ่มกลุ่ม2ยุงลาย,7
คอยเด็กกลับมานำเสนอห้องบอกคุณครูคนแบบนี้วิธีการอย่างไรจากนั้นคุณครูเสร็จเด็กกลับถามคนบ้านลักษณะแบบนี้สิ่งควรถามเพิ่มเติมทำให้รู้เสร็จแล้วก็กลับมานำเสนอ,0
เดินทำแบบนี้เด็กตลอดเด็กรักลองเด็กเรียนตลอดวิชาใครสนใจชีวิตเด็กๆ,0
ครูถามโจทย์วิจัยเรียนอย่างไรเด็กตอบวางแผนครูถามวางแผนอย่างไรเด็กนำคำถามอยากรู้ใส่ศึกษาที่ไหนใครใช้ศึกษายุงเจ้าหน้าที่ทั้งห้องตอนขั้นตอน1เรื่องชีวิตยุงเด็กเลือกเรียนรู้เจ้าหน้าที่ครูถามคุยเจ้าหน้าที่อย่างไรเรียนเด็กบอกวางแผนออกแบบนักเรียนชั้น1ป6ใครบ้างอย่างไรที่ไหน,7
กระบวนการสัปดาห์ประมาณ23ครูประเด็นทำบ้างทำอย่างไรอย่างไรทำเรียนรู้เพื่อนนำสอนตนเองเรื่องสร้างใจ,0
ครูเดินเด็กค่ะพี่มัธยมเส้นทางเดินโรงเรียนประมาณแม่น้ำแม่น้ำใช้ชุมชนเส้นทางเดินวัดเรื่อยๆ3วัดวัดวัดวัดเดินกลับมาโรงเรียนครู5คนช่วยกันคิดเส้นทางเดินพาเด็กเดินเลือกนักเรียนเด็กตั้งคำถามเรียนสิ่งเด็กอยากรู้ครูสร้างบอกโจทย์เด็กเกิดสนใจเขียนคำถามเขียนสิ่งอยากรู้คิดไม่ใช่คำถามก็ได้วาดรูปก็ได้ขั้นตอนเด็กๆเดินพี่มัธยมคนคอยชวนคุยเด็กพูดทำบ้างบางคนบอกน้ำเวลา3ชั่วโมงพี่มัธยมน้องน้องควรกลับมาโรงเรียนน้องควรอย่างไรพี่,7
ขั้นตอนครูอธิบายเด็กฟังพอครูต้มกล้วยหม้อประมาณบอกเด็กเปลือกกล้วยจริงๆครูไม่รู้เหมือนกันคิดเอาเด็กบอกเปลือกมันค่ะค่ะครูเด็กๆเปลือกกล้วยดูชิมอย่างไรถามสมมติกล้วยต้มใหม่ๆมันทำอย่างไรเด็กบอกมันหายค่ะคนบอกคุณครูเอาใส่น้ำสิคะจริงๆครูบอกเอาใส่น้ำเด็กตอบเด็กครูเด็กน้ำใส่เด็กทุกคนเอากล้วยใส่ครูกล้วยประมาณลูกแต่ละกลุ่มกล้วยขั้นตอนกล้วยกลุ่มทำชิ้นใหญ่เด็กถามทำชิ้นใหญ่ไหมคะบอกลองสมมติเอามันอย่างไรเด็กบอกมันกล้วยครูบอกลองทำชิ้นเล็กๆดูสิอย่างไรแต่ละกลุ่มทำเหมือนกันกลุ่มชิ้นใหญ่กลุ่มชิ้นเล็กครูบอกลองชิมดูกล้วยหวานบางคนบอกทำไมมันครูครูมันครูมันลูกถามเด็กทำอย่างไรกล้วยมันหวานบางคนบอกใส่สิครูบางคนบอกลองต้มใหม่ไหมครูนักเรียนลองต้มใหม่ครูคิดเรียนรู้เด็กลองใจกล้วยหวานทำอย่างไรลองต้มชั่วโมง,7
ครูพยายามทักษะชีวิตนักเรียนคำถาม5เด็ก1ดีผู้ปกครองบ้าง2ดีชุมชน3ชุมชนบ้าง4บ้าง5บ้างๆเด็กดีเรื่อยๆเด็กดีตนเองทำให้เด็กทำกลับทำบ้างเล่าครูเด็ก4คนเกิดผู้ปกครองครูก็ได้เล่าเพื่อนๆฟัง,0
เสร็จแล้วก็ข้อมูลลองเสนอทำเจอๆเจอพอนำเสนอเพื่อนเจออุปกรณ์สรุปสิ่งตั้งคำถามลองทำลองนำเสนอเรื่องห้องอื่นขั้นตอนเสนอไม่ใช่ๆพูดมันกระบวนการกลุ่มกลุ่มเจอบางคนเขียนคนสวยรู้กลุ่มเวลานำเสนอใครเด็กปเขียนสวยครูอ้อย,0
พอเลือกเรื่องแล้วก็โจทย์ศึกษาเรื่องหายแก้พฤติกรรมนักเรียนเรียนเรื่องเรียนแก้แก้ใช้มันมันทำอย่างไรมันแบบนี้อยากรู้ตั้งคำถามอย่างไรรู้สึกเขียนออกแบบมันหายจริงๆแก้,7
เด็กโจทย์เรียนรู้หาวิธีการหายสร้างคนนำเสนอมันอย่างไรตั้งคำถามกลับคิดนำเสนอสมมติมันหายใช้ใหม่ค่ะห้องคนทั้งห้องนะมันเกี่ยวกับเด็กรู้จักรู้หาคำตอบโจทย์เด็กตั้งคำถามวิธีการคำถามไปหาคำตอบที่ไหนตัวเอง,0
พาเดินเรื่อยๆกลุ่มเดินไม่ได้กลุ่มกลุ่มเดินเด็กทำบ้างเล่ากลุ่มกลุ่มเด็กป1ป3ไม่มีกลุ่มอาร์มทั้ง4คนอาร์มเด็กเรียนเก่งตัวๆอาร์มเดินพูดเดินชวนอาร์มตลอดพี่พี่พี่มัธยมคอย,0
เด็กสนใจเรียนครูคนใหม่หาโจทย์วิจัยครูไพเราะชวนคุยถามเรื่อยๆทั้งชุมชนบ้างเด็กบางคนเสนอสิ่งตนเองชอบสิ่งตนเองทำสิ่งชุมชนจบ3ชั่วโมงที่จะเรียนครูไพเราะเวลากลับเอาคิดบ้าน1ชวนนักเรียนเรียนรู้ทักษะเด็กตอบลูกเก่งลูกสำคัญทำบอกไม่ใช่เรียนรู้,7
ชั่วโมงเด็กลองคิดลองมีความสุขไหนเด็กเขียนอย่างไรวาดรูปออกมานำเสนอเรื่องสร้างนักเรียนคิดถามใช้บางคนบอกบ้างบ้างบ้างพูดออกมาเด็กเด็กคุยชุมชนชุมชนเด็กโรงเรียนเด็กบอกปัญหาเจอเด็กคนบอกใช้ชุมชนคนสิพยายามเด็กปัญหาเชื่อมโยงวิธีการเสนอทำเด็กทำถามทำอย่างไรจริงไหมเชื่อมโยงเกี่ยวกับเรื่องถามเด็กเกี่ยวกับเด็กครูท่านอื่นถามผู้ปกครองเด็กโจทย์,7
เด็กสิ่งเรียนรู้สิ่งไม่รู้สิ่งเด็กเก่งตัวมันครูออกมาวิชาวิชาเด็กทุกคนที่จะเรียนรู้,0
โน่น้ำน้ำ,0
ทำให้ตัวครูรู้แค่ประเด็นเด็กที่จะพูดสื่อสารทำบ้างวาดรูปสวยครูบอกครูวาดรูปสวยหนูสวยครูหนูใส่หนูนะเด็กใส่ตัวเองเด็กบางคนพูดตัวเองช่วยสามารถพูดสื่อสารทำบ้างสิ่งทำเพื่อนแค่หนูทำได้หนู,0
ปีไม่ได้เด็กปัญหาเด็กเสนอจริงๆเรื่องน้ำเรื่องเรื่องพอบอกเรื่องตัวนะเด็กจริงๆมันนะคุณครูคิดกระบวนการวิจัยเรื่องคำตอบคิดหาคำตอบจบเรื่องใช้มันแก้ปัญหาแก้ครูเรื่องเลือกสนใจเรื่องก็ได้,0
เสร็จทำอย่างไรวางแผนอย่างไรเด็กบอกทำนะครูครูอ้อยถามทำอย่างไรเพื่อนพูดเรื่องฟังไม่ใช่เยอะเพื่อนฟังเพื่อนพูดเรื่องเวลาฟังเพื่อนฟังอย่างไรสนใจฟังคุยเพื่อนสื่อสารถามฟังเล่าเรื่องบ้างฟังทำอย่างไรๆครูเขียนบนพอๆรู้เขียนรู้ใจทำงานกลุ่มทำให้บ้างนอกตลอดครูอ้อยเดินพฤติกรรมเด็กครูอ้อยพัฒนาพฤติกรรมบางคนสามารถทำได้บางคนไม่ได้ใช้ครูเพื่อนๆนักเรียนชั้นป2วิชาศึกษาชีวิตปูป่าชายเลนเรียนรู้นอกครูอ้อยเด็กๆที่จะเรียนสิ่งเลือกไม่มี,7
ศึกษาทำได้รู้สึกเรียนวิชาหลักพอตอนครูพูดพี่พี่พี่ใจแม่พี่เรียนรู้พูดแบบนี้ครูบอกรักใช้รักคนครูถามบอกครูนะครูรักนะทำให้เด็กทำให้ครูเล่าศึกษาเด็กๆ,0
ผอโรงเรียนผอเรียนโรงเรียนสตูลทำงานกลุ่มทำงานวิจัยรู้ตนเองจบชั้นป4ป6ทำเรื่องขนมชุมชนสำรวจขนมสามารถเชื่อมโยงตนเองเชื่อมโยงไม่มีไม่ใช่ทำขนมจบเขียนเรียนรู้จริงออกมาออกแบบการเรียนรู้ตนเองผอเวลาวิธีสอนคนไม่ใช่สอนนักเรียนควรนักเรียนรู้สามารถคิดทำทำงานไม่ใช่ห้องเขียนใช้เหมือนกันเด็กคนจังหวัด,0
ตัวเองครูรู้สึกครูพฤติกรรมดีที่จะเรียนใช้กระบวนการ6พัฒนา,0
ขั้นตอนครูอธิบายเด็กฟังพอครูต้มกล้วยหม้อประมาณบอกเด็กเปลือกกล้วยจริงๆครูไม่รู้เหมือนกันคิดเอาเด็กบอกเปลือกมันค่ะค่ะครูเด็กๆเปลือกกล้วยดูชิมอย่างไรถามสมมติกล้วยต้มใหม่ๆมันทำอย่างไรเด็กบอกมันหายค่ะคนบอกคุณครูเอาใส่น้ำสิคะจริงๆครูบอกเอาใส่น้ำเด็กตอบเด็กครูเด็กน้ำใส่เด็กทุกคนเอากล้วยใส่ครูกล้วยประมาณลูกแต่ละกลุ่มกล้วยขั้นตอนกล้วยกลุ่มทำชิ้นใหญ่เด็กถามทำชิ้นใหญ่ไหมคะบอกลองสมมติเอามันอย่างไรเด็กบอกมันกล้วยครูบอกลองทำชิ้นเล็กๆดูสิอย่างไรแต่ละกลุ่มทำเหมือนกันกลุ่มชิ้นใหญ่กลุ่มชิ้นเล็กครูบอกลองชิมดูกล้วยหวานบางคนบอกทำไมมันครูครูมันครูมันลูกถามเด็กทำอย่างไรกล้วยมันหวานบางคนบอกใส่สิครูบางคนบอกลองต้มใหม่ไหมครูนักเรียนลองต้มใหม่ครูคิดเรียนรู้เด็กลองใจกล้วยหวานทำอย่างไรลองต้มชั่วโมง,7
กระบวนการวิจัยครูคอยพี่กระตุ้นคำถามนักเรียนเลือกเรื่องสนใจเรียนรู้เด็กชั้นกระบวนการวิจัยเรียนป1คิดใหม่ทำใหม่เวลาเด็กๆคิดครูเด็กบอกคิดเด็กตอบคิดครูครูแม่ครูไพเราะไม่ได้บางคนบอกคิดนอกครูเหมือนกันบอกครูชอบดูดีชอบ,7
หาหาย,7
นักเรียนห้องสวยห้องใคร,0
พอสัปดาห์เวลาสรุปความรู้นักเรียนเอาทำนำเสนอนำเสนอเกี่ยวกับสิ่งนักเรียนทำเด็กพาเด็กลองคำถามเด็กทำอย่างไรชุมชนกลุ่มออกแบบหนูชุมชนอย่างไรเด็กอธิบายฟังบ้างเกี่ยวกับชุมชนนักเรียนตัวเองช่วยเรื่องนักเรียนเด็กบอกคุณครูชั่วโมงสอนเด็กตอบเด็กทักษะบ้างวางแผน,7
เด็กรู้เด็กไม่รู้ครูทำอย่างไรครูเรียนรู้นอกพาชั้นป6ทั้งนักเรียนครูผู้ปกครองนักเรียนกระบวนการเรียนรู้ผอทุกคนการเรียนรู้นอกคุณครูนักเรียนมีความสุขครูสอน,7
เสร็จครูชวนนักเรียนสรุปเรียนรู้เจ้าหน้าที่นักเรียนทุกคนเรียนไหนเรื่องที่ไหนอย่างไรจากนั้นครูทุกคนเก่งทั้งห้องคุยผอวิชา,0
ข้อมูลนักเรียนเขียนอธิบายคิดทำใช้คำถามกระตุ้นเรียนรู้เหมือนสอนเรื่องถามนักเรียนเขียนเรื่องชุมชนตนเองถามชุมชนนักเรียนชุมชนนักเรียนบ้างต้องการบ้างคิดอย่างไร,0
จากนั้นชวน4นำหลักคิดสำคัญเรื่องครู,0
ดูเด็กเขียนเขียนสรุปเรื่องจากนั้นถามดูเรื่องเรียนเรื่องดีเด็กเรื่องถามเด็กๆคิดบ้านแบบนี้ไหมเขียนบอกทำนำเสนอเพื่อนเด็กปัญหาบ้างบางคนปัญหาใครเรื่องเรียนคุณครูควรไหมก็ได้ดี,7
เด็กครูกลับมาบอกลองวาดรูปเพื่อนเตรียมอุปกรณ์บางคนตัวเองบางคนเปลือกกล้วยออกมาไม่ได้คิดออกมาสวยสวยต้องการสื่อสารช่วยเพื่อนบ้างกลุ่มพอเสร็จวิธีขั้นตอนทำกล้วยต้มเด็กกล้วยต้มวิธีขั้นตอนกลุ่มหนูทำไหนบ้างช่วยวาดรูปครูดูเด็กวาดรูปเด็กห้องบางคนพูดสื่อสารต้องการพูดสื่อสารแค่,7
แล้วก็เด็กใครไหนทำอย่างไรลักษณะเพื่อนพูดคนเด็กคนคนคนทำให้รู้คนสิ่งข้อมูลนำเสนอต้องการไหนต้องการไหนต้องการอย่างไรอย่างไรคนต้องการต้องการสตูลจัดการควร,0
จบนักเรียนป6รู้นักเรียนเกิดชุมชนครูไพเราะชวนสิ่งเรียนรู้ชั้นป5เชื่อมโยงชุมชนครูถามนำสิ่งเรียนรู้ใช้อย่างไรเกิดเด็กไม่มีตอบวางแผนทั้งห้องหาวิธีทำทำเขียนเล็กทำเดินเลือกชุมชนที่จะทำงานชุมชนอย่างไรเด็กๆหาข้อมูลคนชุมชนชุมชนบ้านสรุปเลือกความรู้ทั้งห้องยุงยุงหลักวิธีการศึกษาวางแผนเดินชุมชนผู้ปกครองนักเรียนชั้นทำให้เชื่อมโยง,0
เด็กครูอธิบายเหตุผลพฤติกรรมทำให้ครูเลือกใช้วิธีสื่อสาร,0
ครูครูอ้อยสอนวิชาชั้นป2นักเรียนทำงานเล่าฟังจัดการเรียนรู้พัฒนานักเรียนคนเก่งเก่งนักเรียนทักษะสามารถสามารถเจอฟังเหตุผลรู้จักออกแบบวางแผนทำงานการเรียนรู้นักเรียนสำคัญครูอ้อยนักเรียนใช้กระบวนการกลุ่มพัฒนาทักษะลักษณะ,7
พี่เดินพี่เดินเดินโรงเรียนโรงเรียนประมาณพี่น้องดูแม่น้ำไม่ได้ตั้งคำถามน้องพอน้องเขียนเขียนทำไมแม่น้ำอาร์มถามทำไมแม่น้ำเหมือนกันอาร์มบอกพี่เขียนตนเองป1ไม่ได้เดินถามเรื่อยๆทำไมพี่มัธยมน้องครูพยายามกระตุ้นน้องสิ่งๆกระบวนการคิดครูพี่ไม่ใช่คน,0
ครูผอเด็กเวลาเรียนวิจัยปีป5ป6โจทย์ปัญหาเชื่อมโยงจริงชุมชนหาวิธีชุมชนใช้เด็กศึกษาความรู้ชุมชนชุมชนตนเองคอยเตรียมน้ำนักเรียนไม่ใช่การเรียนรู้เรียนรู้ชุมชนนักเรียนคิดวิธีการข้อมูลข้อมูลใช้ออกแบบหาวิธีใช้จากนั้นใช้เด็กๆสรุปข้อมูลนำเสนอเชื่อมโยงข้อมูลตั้งคำถามทำไมเด็กๆไปหาบอกใช้ใช้,7
ทำอุปกรณ์ใช้อุปกรณ์จริงครูอุปกรณ์ถามเด็กเด็กๆคะสิอุปกรณ์บ้างเด็กบอกหม้อถามสิบ้างเด็กบอกมันคะสมมติคุณครูเกิดเด็กบอกสมมติใส่มันเด็กบางคนโรงเรียนชอบครูใช้บอกใครครูใส่ตอนเด็กคนคุณครูบอกสิมันหนูนะเรื่องทำอย่างไรแบบนี้อย่างไรอย่างไรพยายามชวนคุยบอกพอพูดจบเด็กเอาอุปกรณ์เอาสอนพอครูสร้างเด็กครูเด็กดูกลุ่มช่วยกันตอนดูคุณครูวิธีการทำอย่างไรกล้วยต้มเด็กๆช่วยกันเอากล้วยเปลือกสอนวิธีการเปลือกกล้วยเด็กช่วยกันมันกลุ่มหนูไม่ได้ทำทำหนูครูครูไหนลองทำใหม่หนูกล้วยหนูทำอย่างไรเพื่อนคนกล้วยลูกทำอย่างไรทำทุกคน,7
นักเรียนเรื่องทำให้เหมือนกันทั้งทำให้นักเรียนพฤติกรรมเด็กเก่งเด็กเด็กเรียนครูดี,0
คำถามวิธีการไปหาคำตอบเด็กบางคนบอกหาครูชวนคุยกระตุ้นคำถามทำอย่างไรป่าชายเลนนอกครูชวนนักเรียนคุยวางแผนถามอย่างไรใครบ้างผู้ปกครองไหมอย่างไรบ้างเตรียมบ้างเตรียมพอไหมออกแบบขั้นตอนเรียนรู้เจ้าหน้าที่ทั้งผอโรงเรียนผู้ปกครองเรียนรู้,7
เรียนรู้นอกครูอ้อยชวนเด็กๆคุยหาประเด็นคำถามที่จะไปหาคำตอบคำถามทำไมอย่างไรไม่ใช่ถามปูไม่มีคำตอบคำตอบครูอ้อยวิชาเด็กๆตั้งคำถามเขียนวิธีการถามคำตอบควรอย่างไรคำตอบตั้งคำถามปูอย่างไรบนอย่างไรกินปูอย่างไรเด็กบางคน56คำถามบางคนกระบวนการกลุ่มเด็กๆช่วยกันคำถามกลุ่มคำถามไปหาคำตอบนอกจากนั้นครูพานักเรียนสรุปกลุ่มประเด็นคำถาม4ประเด็น1ลักษณะปูทำไมปู2ปูอย่างไร3กิน4ปูอย่างไรประเด็นสามารถวิชา,7
คนไม่มีพยายามลูกเรียนพอลูกเรียนใส่คนไม่มีคนคนวางแผนชีวิต,0
จากนั้นชวน4นำหลักคิดสำคัญเรื่องครู,0
คิดเขียนคิดจริงๆเขียนไม่ได้บอกพอเขียนเสร็จดูมันกลุ่มเด็กเสนอออกมาบอกนักเรียนเขียนเล่าคุณครูฟังเขียนรู้นำเสนอชุมชนต้องการต้องการอย่างไรก็ได้เขียนรู้เกิดเขียนนำอย่างไรเขียนเพิ่มเติมสิ่งเขียนแล้วก็พยายามเขียนบ้างนำเด็กบอกกระตุ้นทำอย่างไรเกิดกลับบ้างเขียนบอกนำค่ะลูกสรุป,7
ครูคนครูช่วยแบบนี้เหมือน,0
เกิด,7
สอนครูทำ,7
เด็กเขียนสิ่งเขียนๆต้องการเด็กเด็กดูใหม่ดูกระตุ้นถามคนเดินอย่างไรลักษณะอย่างไรเด็กตอบค่ะถามกลับทำไมทำไมบ้านทำไมแม่เอาลูกมันพยายาม,7
ครูอ้อยตั้งคำถามนักเรียนลูกลองบอกสิคะคนมีความสุขบ้างชั้นป2คำตอบบ้านครูอ้อยถามไหมบ้านรักใครไหมลูกๆไหมโรงเรียนแม่แม่ไหมคนบอกแม่โรงเรียนจากนั้นเด็กๆเสนอเรียนเรื่องเรียนที่จะทำได้เวลาขั้นตอนเวลาเด็กทุกคนคิดนำเสนอสื่อสารตนเองออกมาเพื่อนรู้สามารถไปหาข้อมูลเด็กคนก็ได้เรื่องจากนั้นครูอ้อยถามเรียนเรื่องทำอย่างไรเด็กบอกเรื่องเรื่องสามารถเรื่องครูอ้อยถามตั้งคำถามใหม่ไหมเรื่องเรียนวิธีทำงานเรียนรู้ตัวแต่ละกลุ่มคุยหาเลือกเรียนเรื่องครูอ้อยชวนนักเรียนสร้างทำงานอย่างไร,7
กลุ่มน้ำครูบอกวัดไหลน้ำเด็กๆถามมันไม่รู้อธิบายไหลเพื่อนกลุ่มอื่นน้ำไหลไหมโน่ฟังมันไหลครูอยากรู้มันไหลอย่างไรกลุ่มเอาลูกเหมือนมันไหลทำไม่ได้ตอนโน่ทำกลุ่มอื่นทำอย่างไรลองเอามันน้ำช่วยบอกไม่ได้ครูครูเหมือนไม่ได้ไม่รู้มันทำไม่ได้บอกไม่ได้โน่เด็กเอาครูใส่อุปกรณ์เอาใส่มันบอกไม่ได้ทำใหม่โน่กลุ่มอื่นแบบนี้พอเสร็จโน่ทั้งกลุ่มโน่ไม่รู้ทำอย่างไรแล้วก็คนโน่บอกเดินกลับมาโรงเรียน,7
แต่ละกลุ่มจัดการตัวเองเกิดกล้วยเสร็จบอกดูวิธีการต้มกล้วยอย่างไรครูอธิบายสมมติไหมเด็กบอกไม่ได้ครูครูเตรียมถามเกิดทำอย่างไรเกิดสอนเรื่องเด็กก็ได้เรียนรู้เด็ก,7
คนนำเสนอพอถามอธิบายครูอ้อยครูเรียนรู้มันบอกโจทย์เด็กนำเสนอโจทย์คนที่จะเพิ่มเติมศึกษาไม่ใช่ศึกษาโรงเรียนทำงานนอกตอนไม่ได้ทำพอแล้วก็ทำครูชวน,0
เด็กเรียนรู้เกิดชุมชนครูแค่กระตุ้นใจเด็กทำสิ่งวางแผนทำเรียนรู้วิธีคิดมีความสุขสำคัญๆเด็กพัฒนาครูบอกพฤติกรรมเด็กเด็กเรียนบ้างเรียนบ้างกลับมาสนใจเหมือนเรียนเพื่อนทำงานครูใจนักเรียนต้องการทำให้มีความสุขจากนั้นทุกคนพัฒนาดีพัฒนาไหนพัฒนาเรียน,7
โรงเรียนพานักเรียนการเรียนรู้พัฒนาป่าชายเลน5สตูลครู3คนผู้ปกครองเกี่ยวกับ2คนเจ้าหน้าที่เด็กๆเด็กๆเดินสำรวจบนลักษณะดูป่าชายเลนดูเส้นทางทำงานเด็กๆเดินกลุ่มตลอดเส้นทางจากนั้นกลับมาโรงเรียนเรื่องครูอ้อยชวนนักเรียนเขียนสรุปทำที่ไหนอย่างไรบ้างคำตอบรู้บ้างประเด็นวิชานักเรียนวาดรูปป่าชายเลนบ้างบ้างเชื่อมโยงนักเรียนปูสามารถ,7
สัปดาห์เด็กดีบ้านครูกล้วยเยอะกล้วยสวยต้มกินหวานครูคิดเด็กชอบเหมือนไหมเอาเด็กกินเด็กบอกคุณครูมันดีนะหนูกินทำให้บางคนบอกหนูกินเด็กคุณครูจัดการแล้วก็หาบอกคนชอบเหมือนกันชอบเหมือนครูใจลองถามเด็กทำดีใช้วิธีคุยเด็กคนบอกทำคนบอกทำไมลองทำกล้วยคุณครูเอากินกล้วยต้มนะแค่เอาต้มๆสำรวจเด็กครูเขียนบนบ้างวาดรูปใส่เด็กดูมันเด็กบางคนพอเสร็จเด็กทำดีกล้วยต้มมันครูบอกวางแผนทำกล้วยต้มเด็กบอกทำทั้งทำดีไหมเด็กๆเด็กเรียนกล้วยเหมือนกันทำทำ,7
ทำให้ตัวครูรู้แค่ประเด็นเด็กที่จะพูดสื่อสารทำบ้างวาดรูปสวยครูบอกครูวาดรูปสวยหนูสวยครูหนูใส่หนูนะเด็กใส่ตัวเองเด็กบางคนพูดตัวเองช่วยสามารถพูดสื่อสารทำบ้างสิ่งทำเพื่อนแค่หนูทำได้หนู,0
รู้สึกครูคนครูครูคนช่วยสอนครูช่วยแบบนี้เหมือน,0
หนูหาไหน,7
ครูเดินเด็กค่ะพี่มัธยมเส้นทางเดินโรงเรียนประมาณแม่น้ำแม่น้ำใช้ชุมชนเส้นทางเดินวัดเรื่อยๆ3วัดวัดวัดวัดเดินกลับมาโรงเรียนครู5คนช่วยกันคิดเส้นทางเดินพาเด็กเดินเลือกนักเรียนเด็กตั้งคำถามเรียนสิ่งเด็กอยากรู้ครูสร้างบอกโจทย์เด็กเกิดสนใจเขียนคำถามเขียนสิ่งอยากรู้คิดไม่ใช่คำถามก็ได้วาดรูปก็ได้ขั้นตอนเด็กๆเดินพี่มัธยมคนคอยชวนคุยเด็กพูดทำบ้างบางคนบอกน้ำเวลา3ชั่วโมงพี่มัธยมน้องน้องควรกลับมาโรงเรียนน้องควรอย่างไรพี่,7
ผอเรียนช่วยกันออกแบบนำการเรียนรู้วิจัยใช้โรงเรียนผอคุยครูนักเรียนรู้ตนเองใจชั้น2คนป1ป6คนทำงานกลุ่มดี4คน4นำพัฒนากลุ่มกลุ่มครูท่านอื่นทั้งโรงเรียน,0
เด็กบอกช่วยไม่มีเรียนช่วยเรื่องนำหลักใช้เด็กแค่ครูรู้จักนำหลักเชื่อมโยงแก้,0
เดินคำถามวัดเด็กถามทำไมบนทำไมทำไมวัดวัดทำไมตั้งคำถามวัดพอถามทำไมเดินเจอคนพี่พาน้องเดินเรื่อยๆบ้านเด็กถามตัวแม่เอากินคำถาม,0
เรื่องสอนเรื่องชีวิตดูถามเด็กบ้านแบบนี้ไหมปัญหาเด็กตนเองครูฟังบอกตอนเพื่อนเล่าสามารถเพื่อนนะเด็กเล่าจริงๆไม่ใช่เด็กบางคนเด็กบางคนบอกแม่ถามกลับทำไมเล่าลูกใครคนประมาณนักเรียนชั้นปคนแค่คนคิดคนจริงๆไม่ใช่ทำให้รู้ปัญหาเด็กเรื่องชีวิต,7
ครูถามโจทย์วิจัยเรียนอย่างไรเด็กตอบวางแผนครูถามวางแผนอย่างไรเด็กนำคำถามอยากรู้ใส่ศึกษาที่ไหนใครใช้ศึกษายุงเจ้าหน้าที่ทั้งห้องตอนขั้นตอน1เรื่องชีวิตยุงเด็กเลือกเรียนรู้เจ้าหน้าที่ครูถามคุยเจ้าหน้าที่อย่างไรเรียนเด็กบอกวางแผนออกแบบนักเรียนชั้น1ป6ใครบ้างอย่างไรที่ไหน,7
คอยถามท่านอื่นบ้างทำบ้างใช้ทำบอกเยอะกลุ่มเลือกกลุ่มใช้กลุ่มกลุ่มเลือกเปลือก,0
คิดเอาปัญหาเด็กบอกปัญหาเรื่องอุปกรณ์ผอบอกใหญ่เล็กกระบวนการทุกคนสำรวจตัวเองทุกคนหายหายเยอะออกแบบอุปกรณ์ออกมาคนใช้เยอะแก้พฤติกรรมทุกคนศึกษาเรื่องครูกระตุ้นเด็กเด็กพฤติกรรมแก้พฤติกรรมมัน,7
ครูไปหาเหตุผลเก่งกลุ่มครูเหมือนกันสัปดาห์กลุ่มเตรียมข้อมูลเพิ่มเติมกลุ่มขนมรักเตรียมเรียนรู้ขั้นตอนทำขนมเพื่อนชิมกลุ่มยุงลายยุงสมมติบอกเหตุผลตอนเลือกครูๆบอกเลือกเรียนมีความสุขเกิดตนเองชุมชนสำคัญทำได้จริงใครเลือกเรื่องไหนไม่ได้เลือกเรื่องไหนทั้งห้องเลือกเรียนเรื่องยุงลายครูไพเราะถามเหตุผลกลุ่มขนมรักทำไมเด็กบอก3ชั่วโมงทำเสร็จแค่เพื่อนบางคนทำทำ,7
โจทย์วิจัยห้องเรียนเรื่องกลุ่มคนเหตุผลเพื่อนเลือกเรียนเรื่องกลุ่มขนมรักนำขนมจริงนำเสนอชิมบอกทำสามารถหาชุมชนทำเสร็จสามารถโรงเรียนกลุ่มยุงลายนำเสนอยุงเยอะบ้านโรงเรียนนำเสนอเทศบาลยุงลูกเด็กๆยุงเพื่อนบอกเรียนเรื่องชีวิตช่วยชุมชนช่วยหลักเรียนเรื่องชุมชนทำได้ดีทำเอาเวลาที่ไหนทำขนมครูไพเราะเด็กเลือกเรียนเรื่องไหนเด็กเลือกดีเด็กเรียนมีความสุขครูเลือกครูคิดครูปีเด็กไม่มี,7
โรงเรียนเรียนครูครูเรียนห้องฟังบ้างบ้างน้องทำเขียนทำงานกลุ่มลูกดูมีความสุขโรงเรียนครูดูเหมือน,0
พี่ทำงานครูปีไม่รู้รู้สึกครูตอนจัดการเรียนรู้กระบวนการวิจัยตัวเองสร้างตัวเด็กๆ,0
เด็กบอกช่วยไม่มีเรียนช่วยเรื่องนำหลักใช้เด็กแค่ครูรู้จักนำหลักเชื่อมโยงแก้,0
หม้อครูเด็กเอากล้วยหม้อทำเวลาชั่วโมงกล้วยเด็กๆช่วยครูเปลือกกล้วยกล้วยครูชิมมันหวานเด็กลองชิมเด็กบอกหม้อหวานครูลองชิมทั้งกลุ่มหวานเด็กครูต้มกล้วยหม้อพอเสร็จเด็กเตรียมอุปกรณ์ใช้เด็กช่วยกันพอสรุปขั้นตอนทำเสร็จครูเด็กแล้วก็สมมติกลุ่มคนทั้งคนคุณครูท่านอื่นชิมท่านไหนก็ได้ท่านแล้วก็ครูเขียนอย่างไรคนครูเด็กๆไหนบอกเด็กบอกคุณครูช่วยชิมอย่างไรครูถามหนูอย่างไรทำขนมบ้างเด็กเล่าฟังครูไม่ได้มันอย่างไรเด็กลองใช้ทักษะตัวเองวิธีการครู,7
ครูเด็กลองคิดกล้วยต้มบ้างเด็กช่วยกันตอบเขียนบนบ้างบ้างเด็กลองพูดครูเขียนเสร็จถามเตรียมดีบอกเตรียมเตรียมครูบอกเอาเยอะเอาแค่พอเพื่อนห้องเยอะสมมติหนูหนูแค่หนูเอาเยอะคนบอกบ้านหนูเหมือนคุณครูเอาหนูเอาไหมคะบอกเอาเด็กครูคนเตรียมใช้ใช้หม้อไม่มี,7
เจ้าหน้าที่เรื่องลักษณะยุงลายครูถามนักเรียนความรู้พอไหมทำอย่างไรเด็กไปหาความรู้เพิ่มเติมวิธีครูเด็กคิดวิธีตนเองเพิ่มเติมกระบวนการกลุ่มเด็กคิดวิธีใหม่ใช้เยอะยุงหาสตูลกลุ่มใช้ทำให้ยุงขั้นตอนนำเสนอใหญ่โรงเรียนปี1ผู้ปกครองจังหวัดชุมชนชุมชนเด็กๆทำ,7
จัดการเรียนใช้กระบวนการวิจัยนักเรียนเลือกเรียนโรงเรียนปีปีโรงเรียนจัดการเรียนแบบนี้เด็กๆสนใจเรื่องตัวโรงเรียนห้องพี่ห้องเลือกเรียนทำให้ชุมชนถามนักเรียนไปหาข้อมูลอย่างไรเด็กบอกถามเทศบาลเทศบาลถามคุณครูไหมบอกนักเรียนเล่าสิ่งเจอพยายามเล่าฟังปัญหาออกมาเรื่องไม่มีไม่มีเด็กความรู้เทศบาลคุณครูถามทำอย่างไรรู้เทศบาลโรงเรียนเด็กบอกท่านผู้ปกครอง,7
ผู้ปกครองที่จะพัฒนานักเรียนจัดการเรียนรู้นักเรียน,0
พี่เดินพี่เดินเดินโรงเรียนโรงเรียนประมาณพี่น้องดูแม่น้ำไม่ได้ตั้งคำถามน้องพอน้องเขียนเขียนทำไมแม่น้ำอาร์มถามทำไมแม่น้ำเหมือนกันอาร์มบอกพี่เขียนตนเองป1ไม่ได้เดินถามเรื่อยๆทำไมพี่มัธยมน้องครูพยายามกระตุ้นน้องสิ่งๆกระบวนการคิดครูพี่ไม่ใช่คน,7
คนทำคิดครูที่จะเสนอครูถามรู้จักจังหวัดไหมบอกรู้จักจังหวัดจังหวัดบอกรู้จักรู้จักแค่จังหวัดแม่จังหวัดทำอย่างไรรู้จักจังหวัดจริงๆครูถามทั้งห้องทำไม่ได้บอกครูเรียนพูดแบบนี้ค่ะ,0
การเรียนรู้นักเรียนทำให้นักเรียนเรียนรู้มีความสุขๆเด็กคิดออกแบบการเรียนรู้วางแผนคนสำคัญครูสอนครูกระตุ้นเด็กๆนักเรียนรู้6จัดการศึกษาพัฒนาทั้งความรู้สามารถมีความสุขเสนอโจทย์วิจัยทำงานครูชุมชนกระบวนการวิจัยขั้นตอน1หาโจทย์วิจัยตัววิชารู้พฤติกรรมนักเรียน2กระบวนการเรียน3พัฒนาโจทย์ทำได้เกิดสามารถศึกษา4ออกแบบเรื่อง5นักเรียนนำเสนอโจทย์6สร้างจริงนำเสนอความรู้ชุมชนทำ,7
พอได้สมุนไพรเอาคั่วแห้งตำเอาตากแดดใช้เวลานานสังเกตการณ์ทำเด็กศึกษาอินเตอร์เนตวิธีทำบ้างตำจนแหลกนำมาปั้นลักษณะคล้ายธูปกำยานเด็กไปหาข้อมูลใช้แป้งมันเอาต้มเจอปัญหาปั้นธูปไม่ได้กรีดมันแตกเด็กคิดเพราะอะไรเด็กเสนอความคิดตำละเอียดบ้างใส่แป้งมันเยอะบ้างเด็กคนบอกแป้งมันเอาต้มบอกทดลองวิทยาศาสตร์บอกเด็กๆทำใหม่กลุ่มเด็กใช้ใบเร้วใบสาวหลงสมุนไพรตัวหมดเด็กพาเปลี่ยนเป็นใบเตยแทนรู้อยู่ใช้ไม่ได้ลองทำดูพอทำเสร็จแล้วก็สวยพอปั้นนำตากแดดพอได้เด็กเอาจุดบ้านเด็กกลับมาบอกจุดติดไม่เห็นยุง,7
ช่วงหลังเลิกเรียนพิธีนมนักเรียนนมขอบคุณสรรพสิ่งทั้งหลายทำให้มีนมดื่มทำให้เกิดทักษะการดำเนินชีวิตมีสตินอบน้อมเห็นคุณค่าสรรพสิ่งคิดเชื่อมโยง,0
หลังจากนั้นออกแบบสัปดาห์คร่าวๆเด็กเรียนรู้บ้างจากนั้นวางแผนรายละเอียดที่จะสอนเด็กสร้างแรงบันดาลใจชั่วโมงPBLไตรมาสนักเรียนดูหนังสั้นเรื่องเสือโทนประสบการณ์ปีที่แล้วรู้เด็กดูหนังเรื่องวิเคราะห์ไม่ได้เพราะฉะนั้นพอเด็กดูหนังบอกรู้ดูหนังเขียนพอเด็กดูหนังจบแจกกระดาษแผ่นพับครึ่งเขียนหนูบ้างเด็กถามหนูเขียนช่องไหนเขียนแนวตั้งแนวนอนล่ะคะตอบหนูเขียนแบบไหนเขียนทำทำ,7
คนนำเสนอด้วยกันเป็นเพื่อนคู่หูเวฟเข้าหาอินเตอร์เน็ตพอถามอธิบายขั้นเรียกทดสอบปากเปล่าครูอ้อยหนาครูเรียนรู้ตลอดเวลามันปฏิทินบอกถึงขั้นโจทย์เด็กนำเสนอโจทย์ผู้ทรงคุณวุฒิคนที่จะcommentพี่เลี้ยงแนะนำเพิ่มเติมศึกษานิเทศก์ไม่ใช่ศึกษานิเทศก์ระบบนะคะออกจากราชการที่ปรึกษาสกวดูแลโรงเรียนทำงานที่อยู่นอกระบบตอนระบบไม่ได้ทำงานตรงนี้พอเกษียณแล้วก็ทำครูมากขึ้นสกวชวนความสำคัญตรงนี้,0
ครูอ้อยใช้การพูดคุยตั้งคำถามนักเรียนลูกลองบอกหน่อยสิคะคนมีความสุขบ้างเด็กเล็กชั้นป2คำตอบรูปธรรมทางกายภาพบ้านอาหารครูอ้อยถามไหมที่มากกบ้านรถยนต์ความสุขรักใครไหมลูกๆพ่อแม่อบอุ่นไหมโรงเรียนตอนเช้ากอดแม่หอมแม่ไหมคนบอกหอมแม่ทุกวันโรงเรียนจากนั้นเด็กๆเสนอเรียนเรื่องภายใต้เงื่อนไขเรียนได้ประโยชน์ความเป็นไปได้ที่จะทำได้สำเร็จภายในเวลาจำกัดขั้นตอนละเอียดเวลาให้โอกาสเด็กทุกคนฝึกคิดวิเคราะห์criticalthinkingskillนำเสนอสื่อสารความคิดตนเองออกมาเพื่อนรู้เข้าใจcommunicationskillสามารถไปหาข้อมูลเด็ก40คนก็ได้40เรื่องจากนั้นครูอ้อยถามเรียนเรื่องไม่ทันเวลาทำอย่างไรเด็กบอกจัดกลุ่มหมวดหมู่เรื่องสัตว์อาหารเรื่องแปลกสามารถหมวดเรื่องประหยัดครูอ้อยถามตั้งคำถามจัดกลุ่มใหม่ไหมจนกระทั่งเรื่องเรียนน้อยลงวิธีแบ่งกลุ่มทำงานทีมเรียนรู้ตัวแต่ละกลุ่มคุยวิพากษ์หาข้อตกลงกันเองเลือกเรียนเรื่องครูอ้อยชวนนักเรียนสร้างกติกาข้อตกลงทำงานร่วมกันอย่างไรเสร็นตามเวลากำหนด,7
1ปีตอนออมป1อ่านคำไม่ได้ตอนทำกิจกรรมนีโน่แสดงออกชัดอ่านเหมือนว่านีโน่คอยสอนจนเปิดเทอมครูลองทดสอบออมสมมุติพูดว่าตออาออมตอบตาครูพูดว่าตออาตาตามออ่านอันนี้เหมือนชวนคุยเล่นๆตอนนั้นครูสอนภาษาไทยตอนป1แปลกใจตอนเรียนห้องออมค่อยถามออมออมทำไมอ่านเรียนพิเศษเหรอออมตอบไม่ได้เรียนครับปิดเทอมนานฝึกอ่านอ่านเก่งเหมือนพี่นีโน่การเรียนปกติคิดอยากได้บางทีบังคับเด็กหรือเปล่า,0
อิมคาดเดาคำตอบข้อแล้วก็ร้องไห้นีโน่ปลอบอิมพี่อิมไม่เป็นไรนะกลุ่มคำตอบเยอะครูถามครูเอาเบาๆวางบนน้ำมันหมดแมงตัวอื่นๆไม่เบามันลอยน้ำไม่ได้เด็กเปลี่ยนคาดเดาจิงโจ้น้ำขาครูถามต่อว่ารู้อย่างไรมันขาลอยน้ำกีตาร์บอกเอาจิงโจ้น้ำขาไม่มีขาวางบนน้ำดูจากนั้นครูนักเรียนลองวางแผนการทดลองดูถามทำอย่างไรทดสอบจิงโจ้น้ำขาบนน้ำนีโน่เสนอหักขามันครับเพื่อนๆกลุ่มเห็นด้วยครูยอมจริงครูคิดมันดูโหดร้ายทบทวนภายหลังครูน่าจะไกด์คำถามควรเอาพันขาปล่อยเด็กลองทำดูเด็กๆถือกระชอนพาจับจิงโจ้น้ำแม่น้ำหน้าโรงเรียนใกล้ตอนแรกจับไม่ได้จนออมอาสาจับจับใส่ถังน้ำ2ตัวนีโน่หักขาออกเหมือนหักหมดหักแค่ข้อเอาปล่อยน้ำอีกทีมันจมน้ำดิ้นไม่ได้เหมือนตัวครูถามเล่นๆจิงโจ้น้ำเจ็บขาหรือเปล่านะในที่สุดเด็กๆพาสรุปจิงโจ้บนน้ำขาครูบอกงั้นเขียนใส่กระดาษปรู๊ฟคำถามนีโน่ออมคนวาดรูปหักขากีตาร์ช่วยเขียนนีโน่คนนำเสนอพี่ๆถามขาจริงๆทำให้บนน้ำนีโน่บอกจริงหักขามันจมตัวไม่ได้หักขาลอยข้างบนนีโน่สามารถเล่าเรื่องสิ่งตนเองทำให้คนอื่นรู้เรื่องพอพี่ๆถามทำไมขาจิงโจ้ทำให้จิงโจ้ลอยน้ำคราวนี้กลุ่มหันมาคุยนีโน่หันมาตอบไม่รู้พี่ไม่ได้ติดใจเด็กแต่ละกลุ่มคำถามค้างตอบไม่ได้ทั้งนั้น,0
พี่ทำงานจนเกษียณเพิ่งครูปีก่อนหน้านี้ไม่รู้รู้สึกจิตวิญญาณครูตอนจัดการเรียนรู้กระบวนการวิจัยการเปลี่ยนแปลงตัวเองสร้างการเปลี่ยนแปลงตัวเด็กๆ,0
ชั่วโมงหัวข้อเด็กลองคิดลองจินตนาการครอบครัวฝันปั้นครอบครัวมีความสุขไหนเด็กเขียนอย่างไรวาดรูปออกมานำเสนอเรื่องถัดไปเป็นเรื่องสร้างเสริมสุขภาพนักเรียนคิดชีวิตประจำวันถามใช้สิ้นเปลืองบางคนบอกไฟฟ้าบ้างข้าวบ้างสบู่บ้างแต่ละคนพูดออกมาความคิดเด็กกว้างเด็กคุยคนในชุมชนเชิญคนในชุมชนเด็กโรงเรียนเด็กแต่ละคนบอกปัญหาเจอเด็กคนบอกใช้ยาสระผมเปลืองคนในชุมชนคนแนะนำไม่ต้องสระผมยาสระผมซื้อทุกวันสิอาทิตย์อาจจะสระผมมะกรูดสักพยายามเด็กมองเห็นปัญหาเชื่อมโยงวิธีการแก้ปัญหาเสนอทำแก้ปัญหาเด็กลงความเห็นทำยากันยุงถามทำอย่างไรแก้ปัญหาจริงไหมอันดับเชื่อมโยงเกี่ยวกับเรื่องสมุนไพรถามเด็กเกี่ยวกับที่มาสมุนไพรเด็กค้นคว้าอินเตอร์เนตครูท่านอื่นถามผู้ปกครองเด็กความกล้าโยนโจทย์ก่อนที่เข้าไปสวนสมุนไพร,7
ได้เรื่องที่จะเรียนขั้นย้อนทวนกระบวนการนำเหตุผลนำเสนอ1เพื่อให้เกิดความมั่นใจจากนั้นมาสู่สิ่งอยากรู้เด็กแต่ละคนคิดเขียนบนกระดานดำเขียนที่ไหนใช้วัสดุอุปกรณ์ก็ได้หาจากนั้นจัดหมวดหมู่เรียงลำดับเรียนการป้องกันยุงการป้องกันไข้เลือดออกแหล่งเรียนรู้จากนั้นนำสิ่งเรียนรู้ตั้งคำถามแบ่งนักเรียน2กลุ่มกลุ่มฝึกตั้งคำถามกลุ่มตอบสลับไปมานำคำถามคำตอบพัฒนาโจทย์ถามศึกษาเรื่องวงจรชีวิตยุงที่ไหนกลุ่มตอบอินเทอร์เน็ตหนังสือยุงลักษณะอย่างไรตัวเล็กสีลายๆเด็กตอบตามประสาไม่มีความรู้เรื่องเช่นนี้ครูกระตุ้นต่อว่าถามอย่างไรครอบคลุมสิ่งอยากรู้จนได้คำตอบศึกษาวิธีการป้องกันยุงลายศึกษาวิธีป้องกันไข้เลือดออกครูปล่อยเด็กแสดงความคิดเห็นเลือกค่อยกระตุ้นตั้งคำถามอย่างไรเรียนทั้ง2มีความสุขในที่สุดโจทย์วิจัยศึกษาวิธีป้องกันยุงลายพาหะไข้เลือดออก,7
ออมจิงโจ้น้ำตัวเล็กจิงโจ้น้ำตัวแข็ง,0
เรียนรู้กระบวนการวิจัยชุมชนเด็กรู้จักรักชุมชนไม่ลืมรากเหง้าตนเอง,7
ครูบอกเรียนแบบนี้มั่นใจช่วยนักเรียนอ่านเขียนห้องเรียนเด็กการสนใจแบบนี้ครูอยู่ร่วมจริงๆแลกเปลี่ยนเวลานีโน่สะกดคำคำแมงเขียนอ่านออกเสียงเพื่อนฟังมอแอแมแมงอแมงเหมือนการสอนครูไม่ต้องสอนอิมออมค่อนข้างอ่อนภาษาไทยเขียนตัวสะกดไม่ได้ตัวสะกดไม่รู้พอแบบนี้มั่นใจตอนออมป1ใหม่ๆตอนจจานนึกถึงจอจานเขียนอย่างไรเด็กสะสมคำเรื่อยๆครูคอยเสริมบางอย่างคำพูดแบบนีโน่บ้างกระโดดครูพูดว่าดอโอดอโดดออมเขียนตัวดเด็กแม้ว่าเวลาเขียนจริงเขียนสระโอพอพูดว่าดอเด็กเขียนดเด็กครูดูนามสกุลออมออมนามสกุลคณาโรจน์สระโอถามออมว่าที่นามสกุลออมรตัวไหนออมบอกสระโอบอกผมเขียนผิดครับย้ายสระโอข้างหน้า,7
โจทย์การเรียนวิจัยห้องเรียนเรื่องสมาชิกกลุ่ม20คนต้องหาเหตุผลโน้มน้าวเพื่อนเลือกเรียนเรื่องตนกลุ่มขนมผูกรักนำขนมจริงนำเสนอแจกชิมบอกกรรมวิธีทำวัตถุดิบสามารถหาชุมชนทำเสร็จสามารถนำมาขายสหกรณ์โรงเรียนกลุ่มยุงลายนำเสนอตอนนี้ฤดูฝนภาคใต้ยุงเยอะทั้งที่บ้านโรงเรียนข่าวโทรทัศน์นำเสนอแพร่ระบาดไข้เลือดออกโฆษณาขายยากันยุงเทศบาลพ่นยาสถานที่ยุงกัดเป็นไข้เลือดตายพ่อแม่เสียเงินรักษาลูกตายพ่อแม่เสียใจเด็กๆแสดงยุงไล่กัดเพื่อนบอกเรียนเรื่องป้องกันชีวิตช่วยชุมชนช่วยประหยัดหลักปรัชญาเศรษฐกิจพอเพียงเรียนเรื่องวัฒนธรรมชุมชนทำได้ดีทำเอาเวลาที่ไหนนั่งทำขนมเรียนหนังสือครูไพเราะปล่อยเด็กเลือกเรียนอิสระไม่ว่าเรื่องไหนเด็กเลือกเป็นเรื่องดีเด็กเรียนทำกิจกรรมมีความสุขครูโน้มน้าวเลือกตามที่ครูคิดครูเหนื่อยทั่งปีเด็กไม่มีความสุข,7
ต่อมาอุปกรณ์ไม่ได้ครบเด็กบอกหนูลืมเอาบางส่วนผู้ปกครองโทรถามคุณครูพาเด็กทำเพราะว่าผู้ปกครองบางท่านลูกหน้าประตูแล้วก็บางครั้งญาติค่อยสื่อสารใช่ไหมบอกเตรียมกล้วยเตรียมอธิบายผู้ปกครองฟังส่วนมากผู้ปกครองให้ความร่วมมือวันที่นัดบอกวันพรุ่งนี้ทำไม่ได้ทำเพราะว่าอุปกรณ์ครบยืดหยุ่นเด็กบอกพรุ่งนี้ค่อยทำเด็กเขียนสมุดวาดรูปสิ่งเตรียมอย่างเช่นกล้วยบางคนเตรียมกล้วยวาดรูปแล้วก็เอาผู้ปกครองดูวันนี้หนูทำกล้วยมานะคะคุณครูบอกเอาแค่ครึ่งหวีลูกพอ,0
รอหม้อที่สองครูชมพู่เด็กเอากล้วยหม้อทำกล้วยบวชชีเวลาครึ่งชั่วโมงผิวกล้วยดำสนิทเด็กๆช่วยครูปลอกเปลือกกล้วยฝานกล้วยครูชิมเผอิญมันหวานเด็กลองชิมเด็กบอกหม้อที่สองหวานครูลองชิมทั้งกลุ่มหวานหอมใบเตยเด็กจำได้ครูชมพู่ต้มกล้วยหม้อฝาดพอเสร็จเด็กมีโอกาสเตรียมอุปกรณ์ใช้กระต่ายขูดมะพร้าวลงมือทำทุกอย่างเด็กช่วยกันพอสรุปขั้นตอนทำเสร็จครูกระดาษเด็กแผ่นแล้วก็ทดลองสมมติกลุ่มคนทั้งคนยกผลงานคุณครูท่านอื่นชิมท่านไหนก็ได้ท่านแล้วก็ครูเขียนกระดาษอย่างไรคนมาบอกครูเด็กๆเข้าไปไหนบอกเด็กเข้าไปบอกคุณครูช่วยชิมหน่อยอย่างไรทีนี้ครูถามหนูมีส่วนร่วมอย่างไรทำขนมบ้างเด็กเล่าฟังจุดประสงค์ครูไม่ได้หวังมันอร่อยอย่างไรเด็กเข้าไปลองใช้ทักษะตัวเองวิธีการความคิดเห็นครูอย่างไรบ้าง,7
ความตั้งใจที่จะสอนดูแลนักเรียนยอมรับการเปลี่ยนแปลงยอมเรียนรู้สิ่งใหม่ๆคิดตนเองเก่งพอแค่นี้พอไม่ได้สถานการณ์โลกเปลี่ยนไปสังคมเปลี่ยนไปปรับเปลี่ยนตัวเองครูสมบูรณ์,0
พอไตรมาสพัฒนาการเด็กดีตั้งชื่อสัปดาห์เขียนสิ่งรู้สิ่งอยากรู้เด็กถามเขียนช่องไหนทำเป็นตารางmindmapทำรูปแบบไหนดีคะครูเมื่อก่อนบังคับแนวคิดเด็กทำรูปแบบไหนครั้งนี้ทำตามแนวคิดตัวเองพอเสร็จก็ได้รายละเอียดทั้งสิ่งรู้สิ่งอยากรู้หลังจากนั้นนั่งวงกลมนำสิ่งแต่ละคนเขียนดูอันไหนซ้ำนำมาเขียนกระดาษแผ่นใหญ่นำเสนอจากนั้นช่วยเติมเต็มแนะนำสิ่งเด็กรู้เพิ่มเติม,7
เรียนรู้นอกห้องเรียนครูอ้อยชวนเด็กๆคุยเตรียมตัวหาประเด็นคำถามที่จะไปหาคำตอบเน้นคำถามปลายเพราะเหตุใดทำไมอย่างไรไม่ใช่ถามปูกี่ขาสอดคล้องข้อเท็จจริงโลกไม่มีคำตอบถูกต้องเพียงคำตอบครูอ้อยบูรณวิชาภาษาไทยเข้าไปฝึกเด็กๆตั้งคำถามเขียนรูปประโยควิธีการถามเพื่อให้คำตอบควรอย่างไรคิดไม่ออกคำตอบแล้วจึงย้อนตั้งคำถามปู้ก้ามดาบมีชีวิตอย่างไรบนบกหรือไม่อย่างไรกินอาหารปูหายใจอย่างไรเด็กบางคน56คำถามบางคนประโยคกระบวนการกลุ่มเด็กๆช่วยกันตัดคำถามซ้ำกลุ่มเข้าด้วยกันคำถามไปหาคำตอบนอกห้องเรียนจากนั้นครูพานักเรียนสรุปกลุ่มประเด็นคำถาม4ประเด็นได้แก่1ลักษณะปูก้ามดาบทำไมเรียกปูก้ามดาบ2ที่อยู่อาศัยความเป็นอยู่ปูอย่างไร3กินอาหาร4ขยายพันธุ์ปูออกลูกอย่างไรประเด็นสุดท้ายสามารถบูรณาการวิชาวิทยาศาสตร์เข้ามา,7
วันที่สามทำอุปกรณ์ครบใช้อุปกรณ์จริงครูชมพู่วางอุปกรณ์ทุกอย่างถามเด็กเด็กๆคะลองดูสิอุปกรณ์บ้างเด็กบอกกระทะไฟฟ้าหม้อมีดหลายอย่างถามต่อว่าลองดูสิบ้างอันตรายเด็กบอกมีดกระทะไฟฟ้ามันเกี่ยวคะสมมติคุณครูเสียบปลั๊กไฟเกิดเด็กบอกสมมติใส่รองเท้ามันซ๊อตเอ๊ะคิดได้เด็กบางคนโรงเรียนชอบถอดถุงเท้าครูใช้กลเม็ดบอกใครถอดถุงเท้าครูเก็บเงินข้างละบาทตั้งแต่นั้นมาไม่มีใครกล้าถอดถุงเท้าใส่ตอนกลับบ้านเด็กคนค่อนข้างซนจับมีดคุณครูบอกระวังหน่อยสิระวังมันบาดมือหนูนะแทรกเข้าไปเรื่องมีดทำอย่างไรแบบนี้อย่างไรอย่างไรพยายามชวนคุยซึมซับบอกตรงๆพอพูดจบเด็กเอาอุปกรณ์เอากระต่ายขูดมะพร้าวขูดเป็นอันตรายสอนวิธีใช้พอครูชี้แจงสร้างข้อตกลงเด็กเรียบร้อยครูสาธิตเด็กดูแบ่งกลุ่มแล้วแต่ละกลุ่มช่วยกันตอนสาธิตดูคุณครูวิธีการทำอย่างไรกล้วยต้มเด็กๆช่วยกันเอากล้วยออกจากหวีปลอกเปลือกสอนวิธีการปลอกเปลือกกล้วยเด็กช่วยกันมันกลุ่มเถียงหนูไม่ได้ทำอิงทำหนูฟ้องครูครูไหนลองทำใหม่ซิหนูกล้วยหวีใช่ไหมหนูทำอย่างไรเพื่อนคนกล้วยลูกทำอย่างไรทำทุกคน,7
เด็กตื่นนอนกลางวันครูชมพู่กลับมาทบทวนกระดาษคนละแผ่นบอกลองวาดรูปเมื่อเช้านี้มีโอกาสช่วยเหลือเพื่อนเตรียมอุปกรณ์อย่างไรบ้างบางคนวาดตัวเองนั่งขูดมะพร้าวบางคนปลอกเปลือกกล้วยถ่ายทอดเป็นเรื่องราวรูปภาพออกมาไม่ได้คิดวาดออกมาสวยหรือไม่สวยต้องการสื่อสารช่วยเพื่อนบ้างกลุ่มพอเสร็จเรียบร้อยหน้าหนึ่งวาดวิธีขั้นตอนทำกล้วยต้มกล้วยบวชชีเด็กพับครึ่งฝั่งกล้วยต้มฝั่งกล้วยบวชชีวิธีขั้นตอนกลุ่มหนูทำไหนบ้างช่วยวาดรูประบายสีครูดูหน่อยเด็กวาดรูประบายสีภาพเรียบร้อยเท่านั้นไม่พอเด็กห้องบางคนไม่กล้าพูดไม่กล้าสื่อสารต้องการพูดสื่อสารแค่สวัสดียกมือไหว้พอใจ,0
พอวันที่ก็ได้ทำจริงๆอุปกรณ์ทุกอย่างครบเพราะว่าเตรียมตัวทีนี้สร้างข้อตกลงเด็กพอได้ชื่ออาหารครูชมพูเด็กจับกลุ่มกันเองจับชื่อผลไม้วันนั้นแค่กลุ่มครูเขียนชื่อใครกลุ่มเด็กจัดการกันเองเผอิญเด็กคนเพื่อนเลือกกลุ่มครูถามเด็กๆคิดเพื่อนคนที่ไหนดีอาสาสมัครแต่ละกลุ่มลักษณะเพื่อนช่วยเพื่อนเข้ามาทักษะสังคมเด็กครูบอกเด็กทุกคนเป็นเพื่อนรักความช่วยเหลือเพื่อนไม่ใช่คนคนไม่เก่งไม่ใช่เก่งคนเดียวช่วยเพื่อนฟังคำพูดเด็กพูดทำไมไม่เอาเพื่อนพูดคุยกันเองครูฟังพูด,7
ระหว่างทางมีปัญหาแก้นั่งเขียนสวยยืนเขียนใช้สีๆสีการเรียนรู้เด็กคุณครูพฤติกรรมเด็กคุยวงแลกเปลี่ยนเรียนรู้เด็กรู้จักการเขียนหัวข้อใหญ่หัวข้อเล็กไม่ต้องทฤษฎีบอกเจอความสามารถเด็กระหว่างทางน้องเวฟโดดเด่นเรื่องการนำเสนอเบื้องหลังเรียนรู้ด้วยกันกลุ่มคุณครูแล้วก็เติมออกมาชิ้นงานประเมินโรงเรียนดูงานถามครูประเมินอย่างไรวิชาอื่นมันคะแนนตัวชี้วัดวิชาวัดจริงๆมันวัดได้ดีวิชาอื่นๆวัดคุณลักษณะอดทนใฝ่เรียนรู้แก้ปัญหาตรงนี้โรงเรียนระหว่างทางจับแต่ละคนนำเสนอคิดเรียนรู้มีความสุขเวลาทำงานกลุ่มภาพห้องครูอ้อยกลุ่มนั่งโต๊ะนั่งพื้นนอนนอนพอเวลานาทีนำเสนอนะแต่ก่อนครูดันเด็กออกมาพูดพอใช้กระบวนการเด็กแย่งครูคิดกติกาทำอย่างไรอย่าแย่ง,0
ปีไม่ได้อาคารเรียนปกติอาคารชั่วคราวอาคารโดนไฟไหม้ลงมาข้างล่างเด็กปัญหาเด็กเสนอจริงๆหลายอย่างเรื่องน้ำเรื่องไฟเรื่องประปาห้องน้ำเหม็นพอบอกเรื่องใกล้ตัวนะเด็กมองใกล้จริงๆห้องน้ำมันเหม็นนะคุณครูคิดแนวทางกระบวนการวิจัยเรื่องคำตอบไม่ต้องคิดหาคำตอบจบไม่ต้องทำต่อเรื่องห้องน้ำกลิ่นใช้ห้องน้ำถูกสุขลักษณะมันแก้ปัญหาแก้ตัดลองผิดลองถูกครูเรื่องเลือกเป็นเรื่องสนใจเรื่องเป็นปัญหาก็ได้,0
สมัยเรียนหนักเล่นกีฬาเตะบอลครูแอนช่วยส่งเสริมแข่งระดับโรงเรียนทีนี้พอเล่นกีฬาหนักเรียนไม่เอาครูแอนเรียกสอนเล่นกีฬาเรียนเหนื่อยคนอื่นสองเท่าครูแอนช่วยเจรจาครูอื่นช่วยเกลี้ยกล่อมเด็กชื่อเสียงโรงเรียนบางทีไม่ได้เข้าเรียนช่วยงานมั้ย,0
สัปดาห์ที่สองเด็กๆนำเสนอเรื่องตนต้องการเรียนนักเรียน41คน41เรื่องเรื่องการออกกำลังกายการพัฒนาแหล่งน้ำดินทรุดขนมผูกรักเรื่องยุงร้ายชุมชนแถวบ้านนักเรียนยุงเยอะฯลฯหลังจากนั้นครูชวนนักเรียนจัดกลุ่มจนได้กลุ่มใหญ่2กลุ่มขนมผูกรักวัฒนธรรมจังหวัดสตูลเรื่องสิ่งแวดล้อมสุขภาพเด็กอภิปรายกลุ่มจนกลุ่ม2ได้เรื่องไข้เลือดออกยุงลาย,7
เด็กประถมครูแอนใช้การสัมผัสทางกายทั้งการกอดจับมือการลูบศีรษะสัมผัสทางกายทำให้เด็กรู้สึกอบอุ่นปลอดภัยขณะเดียวกันครูแอนใช้น้ำเสียงซักถามพูดคุยอ่อนโยนทำให้เด็กไว้ใจกลัวที่จะคุยถามเวลาไม่เข้าใจครูแอนคอยชื่นชมเวลาทำสิ่งถูกต้องเหมาะควร,0
ครูแอนวันนี้,0
